<?xml version="1.0" encoding="UTF-8"?>
<!DOCTYPE suite SYSTEM "http://testng.org/testng-1.0.dtd">
<suite name="Suite">
	<listeners>
		<listener class-name="com.actiTime.customeListner.Listner" />
	</listeners>
	<test name="Test">
		<classes>
			<!-- <class name="com.actiTime.testScripts.login.TestloginWithParameterization"/> -->
			<class name="com.actiTime.testScripts.login.TestLogin1" />
			<!-- <class name="com.actiTime.testScripts.login.TestLogin" /> -->
		</classes>
	</test> <!-- Test -->
</suite> <!-- Suite -->
